,TypeName,ScreenResolution,Cpu,Ram,Memory,Gpu,OpSys,Price
0,1,11,2,8.0,3,1,2,Average
1,1,2,2,8.0,3,1,2,Average
2,2,4,2,8.0,2,1,4,Low
3,1,13,3,16.0,2,2,2,High
4,1,11,2,8.0,2,1,2,High
5,2,1,11,4.0,2,2,1,Low
6,1,13,3,16.0,2,1,2,High
7,1,2,2,8.0,2,1,2,Average
8,1,4,3,16.0,2,3,1,Average
9,1,4,2,8.0,2,1,1,Low
10,2,1,2,4.0,2,1,4,Low
11,2,4,1,4.0,2,1,4,Low
12,1,13,3,16.0,2,2,2,High
13,2,4,1,4.0,2,2,1,Low
14,1,8,10,8.0,2,1,2,Average
15,1,11,2,8.0,2,1,2,High
16,2,4,3,8.0,2,2,1,Low
17,1,13,3,16.0,2,2,2,High
18,2,4,1,8.0,1,3,4,Low
19,1,4,2,8.0,3,1,1,Average
20,3,1,4,2.0,3,1,1,Low
21,4,4,2,8.0,1,3,1,Average
22,2,1,11,4.0,2,2,4,Low
23,5,4,2,8.0,2,1,1,Average
24,1,4,3,8.0,2,1,1,Low
25,2,1,1,4.0,1,1,1,Low
26,1,2,2,8.0,3,1,2,Average
27,2,4,2,8.0,2,2,1,Average
28,1,4,3,8.0,2,1,1,Average
29,2,4,2,8.0,1,3,1,Average
30,2,4,4,4.0,3,1,1,Low
31,2,1,11,2.0,3,2,1,Low
32,2,4,11,4.0,2,2,1,Low
33,1,14,3,16.0,2,1,1,High
34,1,2,2,8.0,2,1,2,Average
35,2,1,5,4.0,3,1,1,Low
36,2,1,1,4.0,1,1,3,Low
37,2,4,2,8.0,1,2,1,Average
38,2,1,2,4.0,1,1,1,Low
39,2,4,2,8.0,2,3,1,Average
40,2,4,1,4.0,1,1,3,Low
41,4,4,3,16.0,1,3,1,Average
42,2,1,2,8.0,1,3,3,Low
43,2,4,2,4.0,2,1,1,Low
44,5,4,2,12.0,1,3,1,Average
45,1,11,2,8.0,2,1,2,Average
46,2,1,1,4.0,3,1,4,Low
47,4,4,11,8.0,1,2,1,Average
48,2,4,2,4.0,2,2,1,Low
49,2,1,8,4.0,1,3,1,Low
50,5,5,4,4.0,3,1,4,Low
51,2,4,3,8.0,2,3,1,Average
52,2,4,11,4.0,2,2,1,Low
53,2,4,3,8.0,2,1,1,Average
54,2,1,1,4.0,1,1,1,Low
55,2,4,3,8.0,2,2,1,Low
56,2,4,1,4.0,3,1,1,Low
57,2,1,2,4.0,2,1,1,Low
58,4,4,3,16.0,1,3,1,High
59,2,4,1,4.0,2,1,3,Low
60,2,4,3,16.0,1,2,1,Average
61,1,4,2,8.0,2,1,1,Average
62,2,4,1,8.0,2,1,4,Low
63,2,4,2,8.0,2,1,1,Average
64,2,4,2,8.0,2,1,1,Low
65,1,4,3,16.0,2,3,1,High
66,2,1,1,4.0,2,2,1,Low
67,2,1,5,4.0,3,1,1,Low
68,2,4,2,4.0,1,1,1,Low
69,4,4,3,12.0,1,3,3,Average
70,1,7,2,4.0,3,1,1,Average
71,1,4,3,8.0,2,2,1,Average
72,2,4,3,8.0,2,2,1,Average
73,4,4,2,8.0,1,3,1,Average
74,2,1,1,8.0,1,1,1,Low
75,4,4,3,8.0,1,3,1,Average
76,2,4,2,8.0,1,1,4,Low
77,2,4,3,8.0,1,1,1,Average
78,2,4,1,4.0,1,3,1,Low
79,2,4,2,8.0,1,3,1,Average
80,1,4,2,8.0,2,1,1,Average
81,1,8,2,8.0,2,1,2,High
82,2,4,2,8.0,2,1,1,Average
83,2,4,11,4.0,3,2,1,Low
84,2,1,11,4.0,1,2,1,Low
85,4,4,3,16.0,1,3,1,Average
86,1,4,3,8.0,2,3,1,Low
87,2,4,2,8.0,2,1,1,Low
88,4,4,3,16.0,1,3,1,Average
89,1,4,3,8.0,2,1,1,High
90,4,4,11,8.0,1,2,1,Low
91,2,4,3,8.0,1,3,1,Low
92,2,4,3,16.0,2,1,1,Average
93,4,4,2,8.0,2,3,1,Average
94,1,4,3,8.0,2,1,1,Average
95,5,4,2,8.0,2,1,1,Average
96,2,4,3,8.0,1,2,3,Low
97,2,4,1,4.0,2,2,3,Low
98,2,4,1,6.0,2,3,1,Low
99,4,4,3,12.0,1,3,1,Average
100,2,4,3,8.0,2,2,1,Low
101,2,4,11,4.0,2,2,1,Low
102,2,4,2,8.0,1,2,3,Low
103,1,4,3,8.0,2,3,1,Average
104,1,7,2,8.0,2,1,1,Average
105,2,4,2,6.0,2,3,1,Low
106,2,4,1,4.0,1,1,1,Low
107,1,4,3,8.0,2,3,1,Average
108,4,4,3,16.0,1,3,1,Average
109,2,4,3,8.0,2,1,1,Average
110,1,4,3,16.0,1,3,1,Average
111,1,14,3,8.0,2,1,1,Average
112,5,4,2,8.0,2,1,1,Average
113,2,1,2,4.0,2,1,1,Low
114,1,4,2,8.0,2,1,1,High
115,5,4,2,8.0,2,1,1,Average
116,2,4,3,8.0,2,1,1,Average
117,2,4,3,8.0,1,3,1,Average
118,2,4,1,4.0,1,3,1,Low
119,2,4,3,8.0,2,3,1,Average
120,2,4,1,6.0,1,1,1,Low
121,4,4,3,16.0,1,3,1,High
122,2,4,2,8.0,2,3,4,Low
123,2,4,3,16.0,2,3,1,Average
124,2,1,11,4.0,2,2,1,Low
125,2,1,5,4.0,2,1,4,Low
126,2,4,2,8.0,1,1,1,Average
127,2,1,11,4.0,3,2,1,Low
128,2,4,3,16.0,1,2,1,Average
129,2,4,2,8.0,2,1,1,Average
130,2,1,2,8.0,1,2,1,Low
131,2,4,1,4.0,1,2,1,Low
132,1,4,3,8.0,2,1,1,Average
133,2,4,1,4.0,2,3,1,Low
134,2,1,3,8.0,1,1,1,Low
135,2,4,3,8.0,2,1,1,Average
136,2,1,5,4.0,1,1,4,Low
137,4,4,2,8.0,1,3,1,Average
138,2,4,2,4.0,1,3,4,Low
139,2,4,2,4.0,2,1,1,Low
140,2,4,1,4.0,1,3,1,Low
141,2,4,2,8.0,2,2,1,Average
142,4,4,3,8.0,2,3,4,Average
143,2,1,2,4.0,2,1,1,Low
144,2,1,11,4.0,2,2,1,Low
145,1,4,3,8.0,2,1,1,Average
146,1,15,10,8.0,2,1,1,High
147,2,4,5,4.0,1,1,1,Low
148,4,4,3,16.0,1,3,1,High
149,2,1,1,4.0,1,1,1,Low
150,4,4,3,16.0,2,3,1,Average
151,4,4,3,8.0,1,3,1,Average
152,2,1,2,4.0,3,1,1,Low
153,4,4,3,16.0,1,3,1,High
154,1,4,2,4.0,2,1,1,Average
155,2,4,2,6.0,2,2,1,Low
156,5,4,1,4.0,2,1,1,Low
157,5,4,2,8.0,2,1,1,Average
158,5,4,3,8.0,2,1,1,Average
159,2,1,1,4.0,2,1,1,Low
160,2,1,11,4.0,1,2,1,Low
161,2,4,2,4.0,2,3,1,Average
162,2,4,2,8.0,2,2,1,Low
163,4,4,3,16.0,2,3,1,Average
164,2,1,5,4.0,1,1,1,Low
165,4,4,3,16.0,1,3,1,High
166,2,1,8,4.0,1,1,1,Low
167,4,4,3,8.0,1,3,1,Average
168,2,4,2,8.0,2,3,1,Average
169,2,4,2,4.0,2,1,1,Low
170,1,6,2,8.0,2,1,1,Average
171,2,4,2,6.0,1,2,1,Low
172,2,1,11,4.0,2,2,4,Low
173,2,1,1,4.0,2,1,1,Low
174,2,4,2,8.0,2,3,1,Average
175,2,1,1,8.0,1,1,1,Low
176,2,1,1,4.0,3,1,1,Low
177,4,4,3,32.0,1,3,1,High
178,2,4,2,8.0,1,2,1,Average
179,5,15,2,8.0,2,1,1,Average
180,2,4,3,16.0,1,2,3,Average
181,1,4,2,8.0,2,1,1,Average
182,5,15,3,16.0,2,1,1,High
183,2,1,2,8.0,3,1,1,Low
184,2,4,2,8.0,2,3,4,Average
185,2,4,3,16.0,2,3,1,High
186,2,15,3,16.0,2,3,1,High
187,4,4,2,8.0,2,3,4,Low
188,1,4,2,8.0,2,1,1,Average
189,2,4,3,8.0,1,2,1,Average
190,5,10,3,16.0,1,1,1,High
191,2,4,5,4.0,3,1,1,Low
192,1,4,2,8.0,2,3,4,Average
193,2,3,2,8.0,2,3,4,Low
194,5,4,3,8.0,1,1,1,Average
195,2,4,2,8.0,1,3,1,Average
196,4,15,3,32.0,1,3,1,High
197,2,4,2,8.0,2,1,1,Average
198,4,4,3,16.0,1,3,1,Average
199,2,4,3,8.0,2,3,1,Average
200,4,15,3,16.0,1,3,1,High
201,2,1,2,4.0,3,1,1,Low
202,2,4,3,8.0,1,3,1,Low
203,4,4,3,16.0,1,3,1,High
204,6,15,9,16.0,1,3,1,High
205,4,4,3,16.0,2,3,4,Average
206,2,1,1,6.0,1,1,1,Low
207,1,15,3,8.0,2,1,1,High
208,1,4,3,8.0,2,1,1,Average
209,2,1,2,8.0,2,1,1,Low
210,2,4,3,8.0,1,3,3,Low
211,4,4,3,16.0,1,3,1,Average
212,2,4,1,4.0,2,1,4,Low
213,2,4,2,8.0,2,1,4,Low
214,1,6,3,8.0,2,1,1,Average
215,1,4,3,8.0,2,2,1,Average
216,2,3,2,8.0,1,3,4,Low
217,2,4,3,8.0,2,3,1,Average
218,1,4,2,8.0,2,1,1,Average
219,5,4,3,16.0,2,1,1,Average
220,2,4,2,8.0,2,2,3,Low
221,5,4,2,8.0,2,1,1,Average
222,1,4,3,8.0,2,1,1,Average
223,2,4,2,8.0,1,1,1,Low
224,4,4,3,16.0,1,3,1,High
225,2,4,3,8.0,2,3,1,Average
226,2,4,3,16.0,1,2,1,Average
227,2,4,2,8.0,2,3,1,Low
228,2,4,2,8.0,2,3,1,Average
229,2,4,3,8.0,1,2,1,Average
230,2,1,1,4.0,1,1,1,Low
231,2,1,11,4.0,2,2,1,Low
232,4,4,3,16.0,1,3,1,Average
233,2,4,2,8.0,2,1,1,Average
234,5,4,2,8.0,2,1,1,Low
235,2,4,3,16.0,2,2,3,Average
236,2,1,1,4.0,1,1,3,Low
237,2,4,11,4.0,1,2,1,Low
238,4,4,3,32.0,1,3,1,High
239,4,4,2,8.0,2,3,1,Average
240,2,1,1,8.0,3,1,1,Low
241,2,4,3,8.0,1,3,1,Average
242,2,4,3,8.0,1,3,4,Average
243,4,4,2,8.0,2,3,1,Average
244,5,4,3,8.0,2,1,1,Average
245,2,4,3,8.0,1,2,1,Average
246,2,1,2,8.0,1,1,1,Low
247,4,4,3,16.0,2,3,1,High
248,2,4,2,4.0,2,1,1,Low
249,1,11,2,8.0,2,1,2,High
250,5,4,3,8.0,1,1,1,Average
251,4,4,3,16.0,1,3,1,High
252,2,1,11,4.0,1,2,1,Low
253,5,4,3,8.0,2,1,1,High
254,2,4,1,4.0,2,3,1,Low
255,1,4,2,8.0,2,1,1,Average
256,2,1,11,8.0,3,2,1,Low
257,2,4,3,16.0,1,3,1,Average
258,4,4,3,16.0,1,3,1,High
259,5,4,3,8.0,2,3,1,High
260,2,4,3,8.0,1,2,1,Average
261,2,4,1,4.0,2,1,4,Low
262,2,4,2,4.0,2,1,1,Low
263,2,4,2,4.0,1,1,1,Low
264,2,4,2,8.0,1,2,1,Low
265,5,4,2,8.0,2,1,1,Low
266,5,4,3,8.0,1,1,1,Average
267,2,4,2,4.0,1,1,4,Low
268,2,4,3,8.0,1,3,1,Average
269,2,4,3,8.0,2,1,1,Average
270,1,11,2,8.0,2,1,2,High
271,4,4,11,16.0,1,2,1,High
272,2,4,3,8.0,2,2,3,Low
273,5,10,3,16.0,2,1,1,High
274,2,1,3,8.0,2,3,1,Average
275,2,1,3,12.0,1,1,1,Low
276,2,4,3,8.0,1,2,3,Average
277,2,4,3,8.0,1,3,1,Low
278,2,3,1,4.0,1,1,1,Low
279,2,4,3,8.0,1,3,4,Average
280,2,3,3,6.0,1,3,1,Average
281,2,4,1,4.0,1,2,3,Low
282,4,4,2,8.0,2,3,1,Average
283,2,4,2,6.0,2,1,1,Low
284,2,4,3,8.0,2,3,1,Average
285,2,4,3,12.0,1,1,1,Low
286,2,4,3,8.0,2,1,1,Average
287,1,4,2,8.0,2,3,1,Average
288,4,4,3,16.0,1,3,1,Average
289,2,4,3,8.0,1,3,4,Low
290,2,1,5,2.0,3,1,4,Low
291,4,4,3,8.0,1,3,1,Average
292,2,3,1,8.0,1,1,1,Low
293,2,4,3,8.0,2,3,1,High
294,2,4,2,8.0,2,1,1,Low
295,4,4,3,8.0,1,3,1,Average
296,2,4,3,8.0,2,3,3,Average
297,6,4,3,16.0,2,3,1,High
298,2,4,11,6.0,1,2,1,Low
299,1,4,3,16.0,2,3,1,Average
300,2,1,1,4.0,3,1,1,Low
301,4,4,3,16.0,1,3,1,High
302,2,3,2,6.0,1,3,1,Low
303,2,1,2,8.0,1,3,4,Low
304,4,4,3,8.0,1,3,1,Average
305,2,1,8,4.0,1,1,4,Low
306,5,4,3,16.0,2,1,1,High
307,2,4,3,8.0,2,3,1,Average
308,2,4,2,8.0,1,3,1,Average
309,2,4,1,4.0,1,1,1,Low
310,2,4,2,8.0,2,1,1,Average
311,1,15,3,16.0,1,1,1,High
312,4,4,3,16.0,1,3,1,High
313,2,4,11,8.0,2,2,1,Low
314,5,1,5,2.0,3,1,1,Low
315,2,4,2,8.0,1,2,1,Average
316,5,15,3,16.0,1,1,1,High
317,2,1,5,4.0,3,1,4,Low
318,2,4,2,8.0,2,1,1,Average
319,2,1,8,4.0,3,1,1,Low
320,2,4,3,8.0,2,1,1,Average
321,2,3,2,4.0,1,3,1,Low
322,2,4,3,8.0,2,1,1,Average
323,2,1,3,8.0,1,1,1,Average
324,2,1,11,8.0,2,2,1,Low
325,2,1,5,4.0,3,1,1,Low
326,2,1,2,6.0,1,1,1,Low
327,1,4,3,8.0,2,3,1,Average
328,1,4,3,8.0,2,1,1,Average
329,2,15,3,32.0,1,3,1,High
330,4,4,3,8.0,1,3,1,Average
331,2,4,2,8.0,2,1,1,Average
332,2,4,3,8.0,1,1,1,Average
333,2,4,1,4.0,1,1,1,Low
334,4,4,3,8.0,2,3,1,Average
335,2,4,2,8.0,2,1,1,Average
336,1,4,2,8.0,1,3,1,Average
337,2,4,2,8.0,2,1,1,Average
338,2,1,5,4.0,1,1,3,Low
339,2,4,2,8.0,2,3,1,Average
340,2,1,5,4.0,2,1,3,Low
341,2,4,11,12.0,1,2,1,Average
342,2,4,1,8.0,1,3,1,Low
343,5,15,3,16.0,2,1,1,High
344,1,4,3,8.0,2,1,1,High
345,4,4,3,16.0,1,3,1,Average
346,2,1,5,2.0,3,1,1,Low
347,1,4,3,16.0,2,1,1,High
348,5,1,5,4.0,3,1,1,Low
349,1,4,2,8.0,1,2,1,Low
350,2,15,3,16.0,2,3,1,High
351,2,4,3,8.0,2,1,1,Average
352,4,4,3,8.0,1,3,1,Average
353,6,4,3,8.0,2,3,1,High
354,2,4,3,16.0,2,3,1,Average
355,2,4,3,8.0,1,2,1,Average
356,2,1,5,4.0,1,1,4,Low
357,4,4,2,8.0,1,3,1,Average
358,2,1,2,8.0,1,1,1,Low
359,2,4,2,8.0,2,1,1,Average
360,2,1,1,4.0,2,1,1,Low
361,2,4,2,8.0,2,1,1,Average
362,2,3,2,6.0,1,3,1,Low
363,2,4,2,8.0,1,1,1,Low
364,2,1,1,8.0,2,3,4,Low
365,2,1,8,8.0,1,1,1,Low
366,2,4,2,8.0,1,2,1,Average
367,4,4,2,8.0,1,3,4,Average
368,2,4,3,8.0,2,2,1,Average
369,1,4,3,8.0,2,1,1,High
370,5,4,3,12.0,1,3,1,Average
371,2,1,11,4.0,3,2,1,Low
372,4,4,11,16.0,1,2,1,High
373,2,3,11,4.0,3,2,1,Low
374,5,4,3,8.0,2,1,1,Average
375,2,4,11,4.0,2,2,1,Low
376,3,1,6,4.0,3,1,1,Low
377,2,1,5,4.0,2,1,1,Low
378,2,1,5,4.0,3,1,1,Low
379,2,4,3,8.0,1,3,3,Average
380,4,4,3,8.0,1,3,1,Average
381,2,4,1,4.0,3,1,4,Low
382,4,4,3,8.0,1,3,1,High
383,2,4,2,8.0,2,3,1,Average
384,1,4,3,16.0,2,1,1,High
385,1,10,3,8.0,2,1,1,High
386,2,4,1,4.0,3,1,1,Low
387,6,4,2,8.0,2,2,1,Average
388,6,4,3,8.0,2,3,1,High
389,5,10,3,16.0,2,1,1,High
390,4,4,3,8.0,1,3,1,Average
391,4,4,3,16.0,1,3,1,High
392,2,1,2,12.0,1,3,1,Low
393,4,4,3,8.0,2,3,1,Average
394,2,4,3,8.0,2,2,3,Low
395,1,4,11,4.0,2,2,1,Low
396,2,4,3,8.0,2,2,1,Average
397,2,4,2,8.0,2,1,1,Average
398,6,15,3,8.0,2,3,1,High
399,1,10,3,16.0,1,1,1,High
400,2,1,5,4.0,1,1,1,Low
401,4,4,3,16.0,1,3,1,High
402,2,4,2,8.0,1,2,1,Average
403,2,4,3,8.0,2,3,3,Average
404,4,4,3,16.0,1,3,1,High
405,1,4,3,8.0,2,1,1,High
406,1,4,3,16.0,2,1,1,High
407,1,4,3,8.0,2,1,1,High
408,2,4,1,4.0,2,1,1,Low
409,2,1,5,2.0,3,1,1,Low
410,6,4,3,8.0,2,3,1,High
411,1,10,3,8.0,2,3,1,High
412,2,4,1,4.0,1,2,1,Low
413,5,4,3,8.0,2,1,1,Low
414,5,4,2,8.0,2,1,1,Average
415,2,4,2,4.0,2,2,3,Low
416,2,1,1,4.0,3,1,1,Low
417,1,4,3,8.0,2,1,1,High
418,2,1,2,8.0,1,1,1,Low
419,1,4,3,8.0,2,2,1,Average
420,5,15,3,16.0,2,3,1,High
421,2,12,6,6.0,3,1,1,Low
422,2,4,3,8.0,2,1,1,Average
423,2,4,1,8.0,1,3,3,Low
424,4,10,3,16.0,1,3,1,High
425,4,4,3,8.0,1,3,1,Average
426,2,4,3,8.0,1,2,1,Average
427,1,4,3,8.0,2,1,3,Average
428,4,4,3,12.0,1,3,1,High
429,5,4,5,4.0,3,1,1,Low
430,3,1,5,4.0,3,1,4,Low
431,2,4,3,8.0,2,1,1,Average
432,2,4,1,4.0,3,1,1,Low
433,6,15,3,16.0,2,3,1,High
434,2,4,3,16.0,2,3,1,High
435,4,4,11,8.0,1,2,1,High
436,2,1,5,4.0,2,1,1,Low
437,1,9,3,16.0,2,1,4,High
438,1,10,3,24.0,2,1,1,High
439,2,4,2,4.0,2,1,3,Low
440,2,3,11,8.0,1,2,1,Low
441,2,4,2,4.0,2,2,1,Low
442,1,4,2,8.0,2,1,1,Average
443,2,4,8,4.0,3,1,1,Low
444,4,4,3,8.0,1,3,1,Average
445,2,4,2,8.0,2,3,1,Average
446,2,1,2,4.0,2,1,3,Low
447,6,4,9,8.0,1,3,1,High
448,4,4,2,8.0,2,3,1,Average
449,1,7,3,16.0,2,1,1,High
450,2,1,2,8.0,3,1,1,Low
451,6,4,3,16.0,2,3,1,High
452,6,4,3,8.0,2,1,1,High
453,2,4,2,8.0,2,1,1,Average
454,2,4,3,8.0,1,2,1,Average
455,5,1,8,4.0,2,1,1,Low
456,2,4,3,8.0,1,3,1,High
457,1,7,10,4.0,3,1,1,Average
458,1,7,3,8.0,2,1,1,High
459,2,3,1,8.0,2,1,1,Low
460,2,4,1,4.0,1,3,1,Low
461,3,1,5,4.0,3,1,1,Low
462,2,4,2,8.0,1,1,1,Low
463,2,4,3,8.0,2,2,4,Low
464,2,4,3,8.0,2,3,1,High
465,2,1,8,4.0,2,1,1,Low
466,2,1,1,4.0,2,3,1,Low
467,2,4,2,8.0,1,2,1,Low
468,4,4,3,12.0,1,3,1,High
469,1,10,3,12.0,2,1,1,High
470,5,15,3,8.0,2,1,1,High
471,2,4,2,8.0,2,2,1,Average
472,1,9,2,8.0,3,1,4,Average
473,1,4,2,8.0,2,1,1,High
474,2,15,3,12.0,1,1,1,Average
475,2,1,1,8.0,3,1,1,Low
476,6,4,3,8.0,2,3,1,High
477,2,4,2,8.0,3,1,1,Average
478,2,4,2,8.0,1,2,1,Low
479,2,4,2,8.0,2,1,1,High
480,2,4,3,8.0,2,3,1,Average
481,2,1,1,4.0,1,1,1,Low
482,2,4,2,4.0,3,1,1,Low
483,2,4,4,4.0,3,1,1,Low
484,2,1,1,4.0,3,1,1,Low
485,2,4,2,8.0,2,1,1,Average
486,6,4,3,16.0,2,3,1,High
487,2,4,3,16.0,2,3,1,High
488,1,4,3,16.0,2,1,1,High
489,1,4,3,16.0,2,1,1,High
490,2,4,2,8.0,2,3,1,Average
491,1,4,3,32.0,2,1,1,High
492,4,4,3,8.0,1,3,1,Average
493,2,1,11,8.0,1,2,1,Low
494,4,4,3,24.0,1,3,1,Average
495,1,1,2,8.0,3,1,1,Average
496,2,4,3,8.0,2,1,1,Average
497,2,4,3,8.0,1,1,1,High
498,2,4,1,8.0,2,1,1,Average
499,2,4,2,8.0,2,1,1,Average
500,3,1,5,4.0,3,1,1,Low
501,2,1,2,8.0,2,2,1,Low
502,5,4,2,8.0,2,1,1,High
503,2,1,5,4.0,2,1,1,Low
504,3,1,5,4.0,3,1,4,Low
505,2,4,2,8.0,2,1,1,Average
506,2,4,3,8.0,1,1,1,Average
507,2,4,2,4.0,1,3,1,Low
508,1,4,3,8.0,2,1,1,Average
509,4,4,3,8.0,1,3,4,Average
510,1,4,2,8.0,3,1,1,Average
511,2,4,3,4.0,2,3,1,Low
512,2,4,2,8.0,1,1,1,Average
513,2,4,3,16.0,1,2,1,Average
514,2,4,3,16.0,2,3,4,Average
515,3,1,5,2.0,3,1,1,Low
516,2,1,2,4.0,1,1,1,Low
517,4,4,3,24.0,2,3,1,High
518,2,4,2,8.0,2,3,1,Average
519,4,4,3,16.0,1,3,1,High
520,4,4,3,8.0,1,3,1,Average
521,1,4,3,8.0,2,1,1,Average
522,2,4,2,8.0,2,1,1,Average
523,2,1,1,4.0,3,1,1,Low
524,2,4,2,8.0,1,2,3,Average
525,2,4,2,8.0,2,1,1,Average
526,2,4,3,4.0,1,3,1,Low
527,2,1,1,8.0,1,3,4,Low
528,2,4,2,4.0,2,2,1,Low
529,2,4,2,8.0,2,1,1,Average
530,4,4,3,16.0,1,3,1,High
531,2,4,2,8.0,2,1,1,Average
532,2,15,3,8.0,1,3,1,Average
533,2,4,6,4.0,3,1,1,Low
534,4,4,2,8.0,1,3,1,High
535,2,4,3,8.0,2,3,1,Average
536,2,4,2,8.0,2,2,1,Low
537,2,4,8,4.0,2,1,1,Low
538,4,4,3,12.0,1,3,1,High
539,2,4,3,8.0,2,3,1,Average
540,1,14,3,8.0,2,1,1,Average
541,2,4,1,4.0,3,1,1,Low
542,1,14,3,8.0,2,1,1,Average
543,4,4,2,8.0,1,3,3,Low
544,2,1,11,4.0,2,2,1,Low
545,2,4,1,4.0,3,1,1,Low
546,2,4,2,4.0,2,1,1,Low
547,2,4,2,4.0,1,1,4,Low
548,2,4,1,4.0,2,1,1,Low
549,2,4,3,8.0,2,1,1,High
550,2,4,1,4.0,3,1,1,Low
551,2,4,2,8.0,2,1,1,Average
552,4,4,3,16.0,1,3,1,High
553,2,3,1,8.0,1,1,1,Low
554,2,4,3,8.0,1,3,1,Average
555,2,1,5,4.0,2,1,3,Low
556,2,4,4,4.0,3,1,1,Low
557,2,3,3,6.0,1,3,1,Average
558,2,4,11,6.0,3,2,1,Low
559,2,1,1,4.0,1,2,1,Low
560,5,4,5,4.0,3,1,1,Low
561,2,4,1,4.0,3,1,1,Low
562,1,14,10,16.0,2,1,1,High
563,2,4,3,8.0,2,3,1,High
564,2,4,2,8.0,1,3,1,Average
565,1,15,2,8.0,3,1,1,High
566,2,1,2,4.0,2,1,1,Average
567,2,1,2,8.0,1,1,1,Low
568,2,4,8,4.0,2,1,1,Low
569,2,1,2,4.0,2,1,1,Average
570,6,3,2,8.0,2,3,1,High
571,2,1,8,8.0,1,1,1,Low
572,2,4,11,6.0,2,2,1,Low
573,2,4,2,8.0,2,1,1,Average
574,2,4,2,4.0,2,1,1,Low
575,2,4,4,4.0,3,1,1,Low
576,1,4,3,16.0,2,1,1,High
577,4,4,3,32.0,1,3,1,High
578,4,4,3,16.0,1,3,1,High
579,2,4,3,8.0,2,2,3,Low
580,2,4,6,4.0,3,1,1,Low
581,2,1,2,8.0,2,1,1,Average
582,2,4,1,4.0,3,1,1,Low
583,2,4,3,16.0,2,3,1,High
584,3,1,5,4.0,3,1,4,Low
585,4,4,3,16.0,1,3,1,High
586,4,4,3,16.0,1,3,1,Average
587,1,4,3,12.0,2,1,1,High
588,2,1,3,12.0,1,1,1,Low
589,4,4,2,8.0,1,3,1,High
590,5,1,2,8.0,1,1,1,Low
591,2,4,11,12.0,2,2,1,Average
592,5,1,10,4.0,3,1,1,Low
593,2,4,3,16.0,1,3,1,High
594,2,4,1,4.0,2,1,4,Low
595,2,1,1,8.0,1,1,1,Low
596,5,4,3,8.0,2,1,1,High
597,2,4,2,8.0,2,1,1,Average
598,5,4,2,8.0,2,1,1,High
599,6,4,3,8.0,2,3,1,High
600,2,4,3,8.0,2,1,1,Average
601,2,1,1,4.0,2,1,1,Low
602,2,4,6,4.0,3,1,1,Low
603,4,4,3,16.0,1,3,1,High
604,2,1,1,4.0,1,2,3,Low
605,4,15,3,16.0,1,3,1,High
606,2,4,3,8.0,2,1,1,Average
607,2,4,2,6.0,1,1,1,Low
608,5,4,3,8.0,2,1,1,Average
609,2,1,8,4.0,3,1,1,Low
610,2,15,9,32.0,1,3,1,High
611,4,4,3,16.0,1,3,1,Average
612,2,1,1,4.0,1,1,3,Low
613,2,1,1,4.0,1,1,3,Low
614,2,1,2,4.0,2,1,3,Average
615,4,4,3,8.0,1,3,1,Average
616,2,4,2,4.0,3,2,3,Low
617,1,4,3,8.0,2,1,1,Average
618,4,4,3,16.0,1,3,1,High
619,5,1,6,4.0,3,1,4,Low
620,2,1,2,8.0,2,1,1,Average
621,2,4,2,8.0,2,1,1,Average
622,2,4,2,4.0,1,2,1,Low
623,2,1,2,8.0,2,1,1,Low
624,2,1,2,4.0,2,1,1,Average
625,2,4,3,8.0,1,3,1,Average
626,2,4,4,2.0,3,1,1,Low
627,2,4,2,4.0,3,1,4,Low
628,5,4,2,6.0,1,1,1,Low
629,2,4,3,8.0,2,3,1,High
630,1,4,3,16.0,2,1,1,High
631,4,4,3,16.0,1,3,1,Average
632,2,4,2,4.0,2,1,1,Average
633,2,4,1,4.0,1,3,1,Low
634,2,1,5,8.0,1,1,1,Low
635,2,4,2,8.0,1,3,1,Average
636,1,14,2,8.0,2,1,1,High
637,2,1,5,2.0,3,1,1,Low
638,5,4,3,8.0,2,1,1,High
639,2,15,3,16.0,1,3,1,High
640,4,4,3,8.0,1,3,1,Average
641,2,3,11,8.0,1,2,1,Low
642,1,4,3,16.0,2,1,1,High
643,4,4,3,8.0,1,3,4,Average
644,2,1,1,4.0,2,1,1,Low
645,2,1,5,4.0,3,1,1,Low
646,1,4,2,8.0,2,1,1,Average
647,4,4,3,16.0,2,3,1,High
648,2,4,2,8.0,2,1,1,Average
649,1,4,3,8.0,2,1,1,High
650,4,4,3,32.0,2,3,1,High
651,4,4,2,8.0,1,3,3,Low
652,1,4,2,8.0,2,1,1,Average
653,4,4,3,8.0,1,3,1,Average
654,2,1,1,4.0,2,1,4,Low
655,2,4,2,8.0,2,1,1,Average
656,2,4,3,8.0,2,2,1,Average
657,2,4,3,16.0,1,2,1,Average
658,4,4,3,8.0,1,3,1,Average
659,4,15,3,32.0,1,3,1,High
660,2,4,2,8.0,2,1,1,Average
661,2,1,5,4.0,2,1,1,Low
662,2,4,2,4.0,2,1,1,Low
663,2,4,1,6.0,1,2,1,Low
664,4,4,3,8.0,1,3,1,Average
665,2,1,1,4.0,3,1,1,Low
666,2,4,2,8.0,1,1,1,Average
667,2,4,3,8.0,1,2,1,Low
668,2,4,2,8.0,2,1,1,Average
669,2,1,1,4.0,3,1,3,Low
670,1,7,3,8.0,2,1,1,High
671,2,4,2,8.0,1,2,1,Average
672,5,4,2,8.0,2,1,1,Average
673,2,1,11,4.0,3,2,1,Low
674,5,4,1,4.0,3,3,1,Low
675,4,4,3,16.0,1,3,1,Average
676,1,4,2,8.0,2,1,1,Average
677,5,1,5,8.0,3,1,4,Low
678,1,4,3,8.0,2,1,1,High
679,4,4,2,16.0,2,3,1,Average
680,4,4,2,8.0,2,3,1,Average
681,2,1,5,4.0,3,1,1,Low
682,4,4,2,16.0,1,3,1,High
683,2,4,1,4.0,2,2,1,Low
684,5,4,3,8.0,2,1,1,Average
685,4,4,3,16.0,1,3,1,High
686,2,1,2,4.0,2,2,1,Low
687,2,1,1,4.0,1,2,1,Low
688,2,4,11,6.0,1,2,1,Low
689,2,1,5,4.0,2,1,1,Low
690,2,1,5,4.0,3,1,4,Low
691,2,4,2,4.0,2,1,1,Low
692,6,4,3,8.0,2,3,1,High
693,5,10,3,8.0,2,1,1,High
694,2,4,2,8.0,2,1,1,Average
695,3,1,5,4.0,3,1,1,Low
696,5,4,3,16.0,2,1,1,High
697,5,4,10,4.0,3,1,4,Low
698,1,4,3,16.0,2,1,1,High
699,2,4,3,4.0,2,2,1,Low
700,4,4,2,8.0,1,3,1,Average
701,2,4,11,4.0,2,2,1,Low
702,2,1,11,8.0,1,2,1,Low
703,2,4,2,4.0,1,1,1,Low
704,2,1,1,4.0,2,1,4,Low
705,2,4,2,8.0,2,1,1,Low
706,5,4,2,8.0,2,1,1,Average
707,6,4,3,16.0,2,3,1,High
708,2,4,2,8.0,2,1,1,Average
709,2,4,11,6.0,1,2,1,Low
710,4,4,3,8.0,1,3,1,Average
711,2,4,2,8.0,2,3,3,Average
712,2,4,2,8.0,1,1,3,Low
713,2,4,5,4.0,3,1,1,Low
714,2,4,2,16.0,2,1,1,Average
715,2,4,2,8.0,2,3,1,Average
716,2,4,2,8.0,2,1,1,Average
717,2,1,11,4.0,2,2,1,Low
718,2,5,4,4.0,3,1,1,Low
719,2,4,3,8.0,2,3,1,Average
720,1,10,3,8.0,2,1,1,High
721,5,1,2,8.0,2,1,1,Average
722,1,4,2,8.0,2,1,1,Average
723,4,15,3,32.0,1,3,1,High
724,4,4,3,8.0,1,3,1,Average
725,2,1,2,4.0,1,1,4,Low
726,2,4,2,8.0,1,2,1,Low
727,5,4,1,4.0,1,1,1,Low
728,2,1,2,8.0,1,2,3,Low
729,2,4,11,4.0,1,2,1,Low
730,4,4,3,16.0,1,3,1,High
731,2,1,2,12.0,1,1,1,Low
732,2,4,11,6.0,1,2,1,Low
733,2,1,2,4.0,2,1,1,Low
734,2,4,2,8.0,2,1,1,Average
735,2,4,3,4.0,1,1,1,Low
736,6,4,3,16.0,2,3,1,High
737,5,4,2,8.0,1,1,1,Low
738,4,4,3,16.0,1,3,1,High
739,2,1,1,4.0,2,1,1,Low
740,2,4,3,8.0,1,3,1,Average
741,2,1,1,8.0,2,1,1,Low
742,2,4,2,8.0,2,1,1,High
743,5,4,2,8.0,2,1,1,Average
744,6,15,3,16.0,1,3,1,High
745,2,1,5,2.0,3,1,4,Low
746,1,4,3,16.0,2,1,1,High
747,2,4,1,8.0,2,1,1,Low
748,2,1,2,8.0,2,1,1,Average
749,6,4,9,16.0,2,3,1,High
750,3,1,5,4.0,3,1,1,Low
751,2,4,2,8.0,2,1,1,High
752,2,1,2,4.0,1,3,4,Low
753,1,4,2,4.0,3,1,1,Average
754,2,1,3,4.0,2,1,1,Average
755,5,14,2,8.0,2,1,1,Average
756,2,4,2,8.0,1,3,1,Average
757,6,4,3,8.0,2,3,1,High
758,4,15,3,16.0,1,3,1,High
759,2,1,2,4.0,2,1,1,Low
760,4,4,3,8.0,1,3,1,Average
761,1,4,3,16.0,2,1,1,High
762,1,9,2,8.0,2,1,4,High
763,1,14,2,8.0,2,1,1,Average
764,2,1,1,4.0,2,1,1,Average
765,2,1,2,4.0,3,1,1,Low
766,2,1,8,4.0,1,3,1,Low
767,4,15,3,16.0,1,3,1,Average
768,1,4,3,8.0,2,1,1,High
769,2,1,8,4.0,1,1,3,Low
770,2,4,3,16.0,2,2,1,Average
771,5,4,3,16.0,2,2,1,High
772,2,1,2,4.0,3,1,1,Average
773,4,4,3,8.0,1,3,1,Average
774,1,1,2,4.0,2,1,1,Average
775,5,4,3,12.0,1,3,1,Average
776,2,15,3,16.0,2,3,1,High
777,2,4,1,4.0,3,1,1,Low
778,4,4,3,16.0,2,3,1,High
779,2,4,7,8.0,3,1,1,Low
780,4,4,3,32.0,1,3,1,High
781,4,4,3,16.0,1,3,1,High
782,1,4,3,16.0,2,3,1,High
783,2,1,6,8.0,1,1,4,Low
784,1,4,3,16.0,2,1,1,High
785,4,4,3,16.0,1,3,1,High
786,4,4,2,8.0,1,3,1,Average
787,4,4,3,4.0,1,3,1,Average
788,4,4,3,16.0,1,3,1,High
789,4,4,2,8.0,2,3,1,Average
790,4,4,3,8.0,1,3,1,Average
791,2,4,5,4.0,3,1,1,Low
792,5,4,3,8.0,2,1,1,High
793,5,4,2,8.0,2,2,1,Average
794,1,8,10,8.0,2,1,2,Average
795,5,10,2,8.0,2,1,1,High
796,2,1,5,4.0,3,1,1,Low
797,2,1,2,8.0,3,1,1,Average
798,5,4,3,8.0,2,1,1,Average
799,2,4,1,8.0,2,2,1,Low
800,6,4,3,8.0,2,3,1,High
801,2,4,2,8.0,2,1,1,Average
802,1,4,2,8.0,2,1,1,Average
803,2,15,2,8.0,2,3,1,High
804,3,1,8,4.0,3,1,1,Low
805,3,1,2,8.0,2,1,1,Average
806,2,1,2,4.0,2,1,1,Low
807,2,1,11,8.0,1,2,1,Low
808,4,15,3,16.0,2,3,1,High
809,2,4,2,4.0,1,3,1,Low
810,4,4,3,12.0,1,2,1,High
811,4,4,3,16.0,1,3,1,High
812,1,4,2,8.0,2,1,1,Average
813,2,4,3,8.0,1,3,1,Average
814,2,4,2,8.0,2,2,1,Low
815,1,4,3,8.0,2,1,1,High
816,1,15,3,16.0,2,1,1,High
817,3,1,5,4.0,3,1,4,Low
818,4,4,3,16.0,1,3,1,High
819,2,1,2,4.0,2,1,1,Low
820,2,1,1,4.0,2,1,1,Low
821,1,1,2,4.0,3,1,1,Average
822,1,4,3,8.0,2,1,1,High
823,4,4,2,8.0,2,3,1,Average
824,1,4,2,8.0,2,1,1,High
825,2,1,7,4.0,3,1,1,Low
826,5,4,2,8.0,2,1,1,Average
827,2,1,1,4.0,2,1,1,Low
828,3,1,5,4.0,3,1,4,Low
829,2,4,1,8.0,3,1,1,Low
830,4,15,3,32.0,2,3,1,High
831,1,10,3,16.0,2,1,1,High
832,2,4,2,4.0,1,3,3,Low
833,2,4,2,8.0,2,1,1,Average
834,2,4,2,8.0,2,1,1,High
835,4,4,3,16.0,1,3,1,High
836,4,4,3,16.0,1,3,1,High
837,2,1,1,4.0,2,1,1,Low
838,2,1,6,4.0,3,1,4,Low
839,2,4,2,8.0,3,1,1,Low
840,4,4,3,16.0,1,3,1,High
841,4,4,3,32.0,1,3,1,High
842,2,3,2,8.0,1,3,1,Average
843,2,1,2,8.0,3,1,1,Low
844,1,4,3,8.0,2,1,1,High
845,2,4,3,4.0,2,2,1,Low
846,5,1,5,4.0,3,1,4,Low
847,1,4,2,8.0,2,3,1,Average
848,5,4,2,8.0,2,1,1,High
849,1,4,3,8.0,2,1,1,Average
850,2,1,5,4.0,3,1,4,Low
851,4,4,3,16.0,1,3,1,High
852,2,4,3,8.0,1,2,3,Average
853,1,4,3,8.0,2,3,1,High
854,2,4,3,8.0,2,3,1,Low
855,2,4,2,8.0,3,1,1,Average
856,2,1,8,4.0,1,1,1,Low
857,5,4,3,8.0,2,1,1,High
858,2,4,2,8.0,1,1,1,Low
859,2,4,1,4.0,1,1,4,Low
860,2,4,2,8.0,1,1,1,Average
861,2,4,2,8.0,2,2,1,Average
862,2,4,2,4.0,3,1,1,Average
863,4,4,2,8.0,1,3,4,Average
864,1,14,3,16.0,2,1,1,High
865,2,4,2,4.0,2,1,1,Average
866,1,1,2,8.0,2,1,1,Average
867,5,4,3,8.0,2,1,1,High
868,2,4,2,8.0,2,1,1,Average
869,6,4,3,8.0,1,3,1,High
870,2,1,2,4.0,2,1,1,Average
871,2,4,1,4.0,1,2,4,Low
872,2,4,3,8.0,2,1,1,Average
873,2,4,1,4.0,3,1,1,Low
874,1,4,3,16.0,2,3,1,High
875,1,4,3,8.0,2,1,1,High
876,2,1,8,4.0,1,1,3,Low
877,1,4,2,8.0,2,3,1,Average
878,2,4,2,4.0,1,3,1,Average
879,2,4,2,4.0,2,1,1,Average
880,5,4,2,4.0,2,1,1,High
881,5,1,2,4.0,2,1,1,Low
882,2,1,5,4.0,3,1,1,Low
883,2,4,3,8.0,1,3,1,Low
884,2,1,8,4.0,2,1,1,Low
885,5,4,2,4.0,2,1,1,High
886,2,1,1,4.0,1,2,3,Low
887,4,4,2,12.0,1,3,1,Average
888,3,1,5,4.0,3,1,4,Low
889,2,3,11,4.0,2,2,1,Low
890,2,4,2,4.0,3,1,1,Average
891,5,14,3,16.0,2,1,1,Average
892,1,4,3,8.0,2,1,1,High
893,1,4,2,8.0,2,1,1,High
894,4,15,3,16.0,1,3,1,High
895,2,4,2,8.0,2,1,1,Average
896,4,4,3,8.0,1,3,3,Average
897,2,4,3,8.0,1,3,1,Average
898,2,1,1,4.0,1,2,1,Low
899,2,4,2,8.0,2,1,1,Average
900,5,14,3,8.0,2,1,1,High
901,4,4,3,32.0,2,3,1,Average
902,5,4,3,16.0,2,1,1,High
903,1,4,3,8.0,2,1,1,High
904,2,4,2,8.0,2,1,1,High
905,1,4,3,16.0,2,1,1,High
906,3,4,3,8.0,2,1,1,Average
907,2,4,5,4.0,3,1,4,Low
908,2,4,2,8.0,1,3,1,Low
909,1,4,3,8.0,2,1,1,High
910,2,4,2,8.0,2,1,1,Average
911,1,15,10,8.0,2,1,1,High
912,2,4,3,6.0,2,3,1,Low
913,2,4,3,8.0,2,3,1,Average
914,2,4,1,4.0,1,1,1,Low
915,2,4,2,4.0,3,1,1,Average
916,2,4,2,8.0,2,1,1,Average
917,4,4,3,16.0,1,3,1,High
918,4,4,3,16.0,1,3,1,Average
919,4,4,2,8.0,1,3,1,Average
920,2,1,2,4.0,1,2,1,Low
921,1,4,3,8.0,2,2,1,Average
922,1,14,3,8.0,2,1,1,Average
923,2,4,3,16.0,2,3,1,High
924,5,4,2,8.0,2,1,1,High
925,2,1,2,4.0,2,1,1,Low
926,1,4,3,8.0,2,1,1,High
927,2,4,2,8.0,2,1,1,Average
928,2,1,2,4.0,1,1,1,Low
929,2,1,2,4.0,2,1,1,Average
930,2,1,8,4.0,1,1,1,Low
931,1,4,2,4.0,2,1,1,High
932,2,1,5,4.0,1,1,4,Low
933,5,14,3,16.0,1,1,1,High
934,2,4,2,4.0,3,1,1,Average
935,3,4,2,8.0,2,1,1,High
936,2,1,1,4.0,1,1,1,Low
937,4,4,3,8.0,1,3,1,Average
938,1,4,2,8.0,2,1,1,High
939,4,10,3,16.0,1,3,1,High
940,4,4,2,8.0,1,3,1,Average
941,2,3,8,4.0,1,3,1,Low
942,2,1,2,4.0,2,1,1,Low
943,2,1,2,8.0,2,1,1,Average
944,5,4,10,8.0,2,1,1,Average
945,4,4,11,16.0,1,2,1,Average
946,1,4,2,8.0,2,1,1,Average
947,2,4,3,8.0,1,3,4,Low
948,2,3,1,4.0,1,2,1,Low
949,2,1,5,4.0,3,1,4,Low
950,6,4,3,8.0,3,3,1,High
951,1,4,3,8.0,2,1,1,High
952,2,4,2,8.0,2,1,1,Average
953,5,4,10,8.0,3,1,4,Average
954,1,4,3,8.0,2,1,1,Average
955,4,15,3,16.0,1,3,1,High
956,5,4,2,8.0,2,1,1,High
957,5,1,8,4.0,2,1,1,Low
958,1,14,3,8.0,2,1,1,Average
959,5,1,5,4.0,3,1,4,Low
960,2,4,2,8.0,2,1,1,High
961,1,4,2,8.0,2,1,1,High
962,2,4,2,12.0,1,3,1,Average
963,1,4,3,8.0,2,1,1,High
964,2,1,2,8.0,1,3,1,Average
965,2,1,1,4.0,1,2,3,Low
966,2,1,2,4.0,2,1,1,Average
967,2,4,1,4.0,2,1,1,Low
968,4,4,3,32.0,1,3,1,High
969,2,4,2,6.0,2,3,1,Low
970,5,14,3,16.0,2,1,1,High
971,1,10,3,8.0,2,1,1,High
972,4,4,3,32.0,1,3,1,High
973,2,4,2,8.0,2,1,1,Average
974,4,4,3,16.0,1,3,1,High
975,2,4,2,8.0,1,3,1,Average
976,2,1,2,4.0,2,1,1,Average
977,5,15,3,16.0,1,3,1,High
978,2,1,3,6.0,1,1,1,Low
979,4,4,3,16.0,1,3,1,High
980,5,4,3,12.0,2,1,1,Average
981,2,4,2,4.0,3,1,1,Average
982,2,4,11,6.0,2,2,1,Low
983,2,1,2,4.0,2,1,1,Low
984,2,1,2,4.0,2,1,1,Average
985,2,1,2,4.0,2,2,1,Low
986,2,4,2,8.0,1,1,1,Average
987,4,4,3,8.0,1,3,1,Average
988,2,1,3,8.0,1,2,1,Low
989,2,4,2,8.0,3,1,1,Average
990,3,4,10,8.0,2,1,1,High
991,2,4,1,4.0,1,2,1,Low
992,2,1,5,4.0,3,1,4,Low
993,2,4,2,8.0,2,1,1,Average
994,5,4,2,8.0,2,1,1,Average
995,2,14,2,8.0,2,1,1,Average
996,1,4,3,8.0,2,1,1,Average
997,2,1,8,4.0,2,1,1,Low
998,4,4,3,16.0,1,3,1,High
999,1,4,3,8.0,2,1,1,High
1000,4,4,3,8.0,1,3,1,Average
1001,2,4,2,8.0,2,1,1,Average
1002,2,1,1,4.0,3,1,1,Low
1003,2,1,2,4.0,2,1,1,Low
1004,2,4,2,4.0,3,1,1,Average
1005,2,1,2,4.0,2,1,1,Average
1006,2,4,2,4.0,2,1,1,Average
1007,1,4,3,8.0,2,1,1,Average
1008,2,4,2,8.0,2,3,1,Average
1009,2,1,1,4.0,2,1,1,Low
1010,4,4,2,8.0,1,3,1,Average
1011,1,4,2,4.0,2,1,1,High
1012,2,4,2,4.0,2,1,1,High
1013,1,4,3,8.0,2,1,1,High
1014,2,1,1,4.0,2,1,1,Average
1015,2,1,2,8.0,2,1,1,Average
1016,2,1,1,4.0,2,1,1,Low
1017,2,15,3,16.0,2,3,1,High
1018,2,4,2,8.0,2,1,1,Average
1019,2,4,3,8.0,2,1,1,High
1020,5,4,1,4.0,1,1,1,Low
1021,1,4,2,8.0,2,1,1,High
1022,2,4,2,8.0,2,1,1,Average
1023,2,4,3,8.0,2,3,1,Average
1024,2,4,2,8.0,2,1,1,Average
1025,1,1,2,4.0,2,1,1,High
1026,2,1,2,4.0,2,1,1,Average
1027,2,1,2,4.0,2,1,1,Average
1028,1,14,2,8.0,2,1,1,High
1029,2,4,2,8.0,2,3,1,Average
1030,2,1,2,4.0,2,1,1,Average
1031,2,1,11,6.0,1,2,1,Low
1032,4,4,3,8.0,1,3,1,Average
1033,2,4,2,8.0,2,1,1,Average
1034,2,4,3,8.0,2,1,1,Average
1035,1,4,3,8.0,2,1,1,Average
1036,2,1,2,4.0,2,1,1,Low
1037,1,4,3,8.0,2,1,1,High
1038,2,4,2,8.0,2,1,1,Average
1039,2,4,2,8.0,2,1,1,Average
1040,5,4,3,4.0,2,1,1,Average
1041,2,1,4,2.0,3,1,1,Low
1042,2,4,3,16.0,2,3,1,Average
1043,2,4,2,8.0,2,1,1,Average
1044,2,4,2,4.0,2,1,1,Average
1045,2,4,2,8.0,2,1,1,High
1046,2,4,2,8.0,2,1,1,Average
1047,4,4,3,16.0,1,3,1,High
1048,4,4,3,16.0,1,3,1,High
1049,3,1,5,4.0,3,1,4,Low
1050,2,10,3,16.0,2,1,1,High
1051,2,4,3,8.0,1,3,1,Average
1052,5,4,2,8.0,2,1,1,Average
1053,2,1,2,4.0,2,1,1,Average
1054,1,14,3,16.0,1,1,1,High
1055,2,1,1,4.0,2,1,1,Low
1056,2,1,2,4.0,2,1,4,Low
1057,2,1,11,8.0,1,2,1,Low
1058,5,4,3,12.0,2,1,1,Average
1059,4,4,3,16.0,1,3,1,High
1060,2,4,3,8.0,2,1,1,Average
1061,4,4,3,16.0,1,3,4,Average
1062,2,4,2,4.0,1,1,1,Low
1063,2,4,3,16.0,1,2,1,Average
1064,4,4,3,16.0,1,3,1,High
1065,1,4,3,8.0,2,1,1,Average
1066,4,4,3,64.0,1,3,1,High
1067,5,4,3,8.0,2,1,1,Low
1068,4,15,3,16.0,1,3,1,Average
1069,1,8,10,8.0,2,1,2,Average
1070,2,1,1,4.0,2,1,1,Low
1071,2,1,2,4.0,2,1,1,Average
1072,1,4,2,8.0,2,1,1,Average
1073,2,4,3,8.0,2,1,1,Average
1074,1,4,3,8.0,2,1,1,High
1075,2,3,2,8.0,1,2,1,Low
1076,2,4,2,4.0,1,3,1,Average
1077,4,4,3,16.0,1,3,1,High
1078,2,1,2,4.0,2,1,1,Low
1079,2,4,2,4.0,2,1,1,Average
1080,1,10,10,8.0,2,1,1,Average
1081,4,4,3,32.0,1,3,1,High
1082,5,5,4,4.0,3,1,1,Low
1083,1,15,3,16.0,2,1,1,High
1084,2,4,2,8.0,2,1,1,Low
1085,2,4,2,4.0,2,1,1,Average
1086,6,4,3,8.0,2,2,1,Average
1087,2,4,2,8.0,3,1,1,Average
1088,2,14,7,4.0,3,1,4,Low
1089,2,1,11,4.0,2,2,1,Low
1090,2,1,8,4.0,2,1,3,Low
1091,2,1,1,4.0,1,1,4,Low
1092,4,4,3,8.0,1,3,1,High
1093,1,4,2,4.0,2,2,1,Average
1094,3,1,2,4.0,3,1,1,High
1095,2,4,2,8.0,1,3,1,Low
1096,2,4,2,8.0,1,2,1,Low
1097,4,4,3,8.0,2,3,1,High
1098,2,1,8,4.0,1,1,1,Low
1099,4,4,3,16.0,1,3,1,High
1100,1,1,1,4.0,2,1,1,Average
1101,1,1,1,4.0,3,1,1,Average
1102,2,1,5,4.0,3,1,4,Low
1103,6,4,3,8.0,1,2,1,High
1104,4,4,3,16.0,2,3,1,Average
1105,1,1,2,8.0,2,1,1,Average
1106,4,4,3,8.0,1,3,1,High
1107,5,4,2,4.0,2,1,1,Average
1108,2,4,11,4.0,1,2,1,Low
1109,4,4,3,16.0,1,3,1,Average
1110,2,14,10,8.0,2,1,1,High
1111,2,1,2,4.0,2,2,1,Low
1112,2,1,1,4.0,3,1,1,Low
1113,1,4,3,8.0,2,1,1,High
1114,5,5,4,4.0,3,1,4,Low
1115,1,4,3,8.0,2,1,1,Average
1116,4,4,3,16.0,1,3,1,High
1117,1,15,3,8.0,2,1,1,Average
1118,1,4,3,16.0,2,1,1,High
1119,4,4,3,8.0,1,3,1,Average
1120,2,4,4,4.0,3,1,1,Low
1121,2,4,2,8.0,2,1,1,High
1122,2,4,2,8.0,2,1,1,High
1123,2,1,2,4.0,2,1,3,Low
1124,2,1,1,4.0,1,1,1,Low
1125,5,4,3,8.0,2,1,1,High
1126,5,5,4,4.0,3,1,1,Low
1127,1,1,2,8.0,2,1,1,High
1128,4,4,2,8.0,1,3,4,Average
1129,4,4,2,8.0,1,3,1,Average
1130,2,1,3,8.0,1,1,1,Low
1131,5,4,3,8.0,2,3,1,High
1132,2,1,5,4.0,3,1,1,Low
1133,1,4,3,8.0,2,1,1,Low
1134,2,4,2,4.0,1,3,1,Low
1135,2,4,3,16.0,1,2,1,Average
1136,6,4,3,8.0,2,3,1,High
1137,2,1,2,8.0,1,2,1,Low
1138,4,4,3,16.0,1,3,1,High
1139,1,4,3,8.0,2,1,1,High
1140,5,10,3,16.0,2,1,1,High
1141,4,4,3,8.0,1,3,1,Average
1142,5,4,2,8.0,2,1,1,High
1143,6,4,3,8.0,2,3,1,High
1144,5,10,3,8.0,2,1,1,High
1145,6,4,3,8.0,2,3,1,High
1146,1,4,3,8.0,2,1,1,High
1147,2,4,3,8.0,2,3,1,Average
1148,2,4,2,8.0,2,1,1,High
1149,5,10,3,8.0,2,1,1,High
1150,2,1,1,4.0,1,1,4,Low
1151,2,1,11,4.0,2,2,1,Low
1152,2,4,2,8.0,1,2,4,Low
1153,4,4,3,8.0,1,3,1,Average
1154,2,15,2,8.0,2,3,1,High
1155,2,4,11,4.0,2,2,1,Low
1156,4,4,3,16.0,1,3,1,Average
1157,1,4,3,12.0,2,1,1,High
1158,2,4,2,8.0,1,2,1,Low
1159,5,10,3,8.0,2,1,1,High
1160,1,4,3,8.0,2,1,1,Average
1161,4,4,3,16.0,1,3,1,High
1162,4,4,3,8.0,1,3,1,Average
1163,2,1,1,8.0,1,1,1,Low
1164,2,1,2,4.0,2,1,4,Low
1165,4,15,3,8.0,1,3,1,Average
1166,2,4,2,8.0,2,1,1,Average
1167,2,4,1,4.0,1,3,1,Low
1168,2,1,5,2.0,3,1,1,Low
1169,4,4,3,8.0,1,3,1,Average
1170,2,4,3,8.0,2,1,1,Low
1171,2,4,3,16.0,2,1,1,Average
1172,2,1,5,4.0,2,1,1,Low
1173,2,1,2,4.0,2,1,4,Low
1174,2,4,3,8.0,1,3,4,Low
1175,2,4,1,4.0,2,1,1,Low
1176,2,4,3,4.0,1,1,1,Average
1177,4,4,3,16.0,2,3,1,Average
1178,4,4,3,16.0,1,3,1,High
1179,2,1,1,4.0,2,1,1,Low
1180,5,10,2,8.0,2,1,1,High
1181,1,4,3,6.0,2,3,1,Average
1182,2,4,3,8.0,2,3,3,Average
1183,2,1,5,4.0,2,1,1,Low
1184,2,4,3,6.0,1,3,1,Low
1185,4,4,3,8.0,1,3,1,Average
1186,5,4,3,16.0,2,1,1,Average
1187,2,4,2,4.0,2,3,1,Low
1188,1,14,2,8.0,2,1,3,Average
1189,4,4,3,16.0,1,3,1,High
1190,4,4,2,8.0,1,3,1,Average
1192,2,1,2,4.0,2,1,1,Low
1193,1,8,10,8.0,2,1,2,Average
1194,5,4,2,8.0,2,1,1,Average
1195,2,4,3,12.0,1,3,1,Average
1196,2,1,1,4.0,1,2,4,Low
1197,4,4,3,16.0,1,3,1,High
1198,2,1,5,4.0,1,1,3,Low
1199,4,4,3,16.0,1,3,1,High
1200,2,1,1,4.0,3,2,1,Low
1201,2,1,3,8.0,2,3,4,Low
1202,5,4,3,16.0,2,1,1,Average
1203,1,14,3,16.0,2,1,1,High
1204,4,4,3,8.0,1,3,1,Average
1205,2,4,2,8.0,2,2,1,Average
1206,2,1,2,8.0,2,1,1,Low
1207,2,1,11,4.0,2,2,1,Low
1208,2,3,1,8.0,1,3,1,Low
1209,4,4,3,16.0,1,3,1,High
1210,1,8,10,8.0,2,1,2,Average
1211,2,4,3,16.0,1,3,1,High
1212,4,4,3,16.0,1,3,1,High
1213,5,4,2,8.0,2,1,1,Average
1214,4,4,3,16.0,1,3,1,High
1215,3,1,5,2.0,3,1,4,Low
1216,2,3,1,4.0,1,3,1,Low
1217,2,3,2,8.0,1,1,4,Low
1218,4,4,3,8.0,1,3,1,Average
1219,5,4,3,8.0,2,1,1,Average
1220,2,4,3,8.0,2,1,1,High
1221,4,4,3,8.0,1,3,1,Average
1222,2,4,11,6.0,1,2,1,Low
1223,1,4,2,8.0,2,1,1,High
1224,5,4,1,4.0,2,1,1,Low
1225,2,1,8,4.0,1,1,1,Low
1226,1,14,3,8.0,2,1,1,Average
1227,2,1,2,4.0,1,1,3,Low
1228,4,4,3,16.0,1,3,1,Average
1229,4,4,3,8.0,1,3,1,Average
1230,3,4,3,16.0,2,1,1,High
1231,4,4,3,16.0,1,3,1,High
1232,2,1,1,8.0,1,1,1,Low
1233,4,4,3,16.0,1,3,1,High
1234,1,1,2,4.0,2,1,2,Average
1235,2,4,1,4.0,1,1,1,Low
1236,1,10,3,8.0,2,1,1,High
1237,2,1,2,4.0,2,1,1,Low
1238,4,4,3,8.0,1,3,1,Average
1239,2,4,3,16.0,2,1,1,Average
1240,2,4,11,6.0,2,2,1,Low
1241,1,4,3,8.0,2,1,1,Average
1242,2,1,1,4.0,2,1,3,Low
1243,5,4,3,16.0,2,3,1,High
1244,2,4,2,4.0,2,1,1,Average
1245,4,4,3,16.0,1,3,1,High
1246,2,1,2,4.0,2,1,1,Average
1247,4,4,3,16.0,1,3,1,High
1248,2,4,2,8.0,2,1,4,Low
1249,5,14,2,8.0,2,1,1,High
1250,2,1,8,4.0,2,1,3,Low
1251,2,1,11,4.0,2,2,1,Low
1252,2,4,1,6.0,3,3,1,Low
1253,2,4,2,8.0,2,1,1,Average
1254,2,1,8,4.0,2,1,1,Low
1255,2,1,5,4.0,1,1,1,Low
1256,4,4,3,16.0,1,3,1,High
1257,2,1,1,4.0,2,1,1,Low
1258,2,4,3,8.0,1,2,1,Average
1259,4,4,3,8.0,1,3,1,Average
1260,5,4,2,4.0,3,1,1,Average
1261,1,4,10,8.0,2,1,1,Low
1262,2,1,1,6.0,1,1,1,Low
1263,2,1,5,4.0,2,1,3,Low
1264,2,1,5,2.0,2,1,1,Low
1265,2,4,3,8.0,1,3,1,Average
1266,2,4,11,6.0,1,2,1,Low
1267,2,1,3,8.0,1,2,3,Average
1268,3,1,5,2.0,3,1,1,Low
1269,2,1,3,4.0,2,3,1,Low
1270,5,4,3,4.0,3,1,1,Low
1271,5,14,3,16.0,2,1,1,Average
1272,2,1,5,2.0,3,1,1,Low
1273,2,1,3,6.0,1,2,1,Low
1274,2,1,5,4.0,2,1,1,Low
1275,1,4,10,8.0,2,1,1,Low
1276,2,1,1,6.0,1,1,1,Low
1277,2,1,5,4.0,2,1,3,Low
1278,2,1,5,2.0,2,1,1,Low
1279,2,4,3,8.0,1,3,1,Average
1280,2,4,11,6.0,1,2,1,Low
1281,2,1,3,8.0,1,2,3,Average
1282,3,1,5,2.0,3,1,1,Low
1283,2,1,3,4.0,2,3,1,Low
1284,5,4,3,4.0,3,1,1,Low
1285,5,14,3,16.0,2,1,1,Average
1286,2,1,5,2.0,3,1,1,Low
1287,2,1,3,6.0,1,2,1,Low
1288,2,1,5,4.0,2,1,1,Low
1289,1,4,10,8.0,2,1,1,Low
1290,2,1,1,6.0,1,1,1,Low
1291,2,1,5,4.0,2,1,3,Low
1292,2,1,5,2.0,2,1,1,Low
1293,2,4,3,8.0,1,3,1,Average
1294,2,4,11,6.0,1,2,1,Low
1295,2,1,3,8.0,1,2,3,Average
1296,3,1,5,2.0,3,1,1,Low
1297,2,1,3,4.0,2,3,1,Low
1298,5,4,3,4.0,3,1,1,Low
1299,5,14,3,16.0,2,1,1,Average
1300,2,1,5,2.0,3,1,1,Low
1301,2,1,3,6.0,1,2,1,Low
1302,2,1,5,4.0,2,1,1,Low
